Cluster,ClusterRank,deltaG,deltaGelec,deltaGvdw,deltaGligsolvnonpol,deltaGligsolvpol,deltaGprotsolvnonpol,deltaGprotsolvpol,deltaGcompsolvnonpol,deltaGcompsolvpol,extraFull,surfFull,solvFull,IntraFull,InterFull,FullFitness,SimpleFitness,Energy
0,0,-9.357755,0,-64.1338,8.42042,-9.36214,201.193,-1509.24,198.793,-1490.45,0,198.793,-1490.45,-22.7284,-64.1338,-1378.5192,-66.7418,-66.7418
0,1,-8.93535,0,-57.798,8.34979,-8.77717,201.193,-1509.24,198.647,-1492.64,0,198.647,-1492.64,-24.6218,-57.798,-1376.4128,-66.1554,-66.1554
0,2,-8.888344,0,-55.3591,9.29711,-7.63183,201.193,-1509.24,199.079,-1493.7,0,199.079,-1493.7,-17.2784,-55.3591,-1367.2584,-56.7718,-56.7718
0,3,-8.231877,0,-49.5506,8.7045,-8.84765,201.193,-1509.24,198.572,-1493.3,0,198.572,-1493.3,-21.2156,-49.5506,-1365.4943,-53.6071,-53.6071
0,4,-7.9784513,0,-40.9476,8.99564,-7.36504,201.193,-1509.24,198.789,-1500.86,0,198.789,-1500.86,-22.0212,-40.9476,-1365.0398,-55.1615,-55.1615
1,0,-8.883539,0,-54.0182,8.81996,-6.76805,201.193,-1509.24,198.731,-1495.03,0,198.731,-1495.03,-28.1987,-54.0182,-1378.516,-70.5968,-70.5968
1,1,-8.579187,0,-50.3236,8.9097,-7.64994,201.193,-1509.24,198.795,-1496.61,0,198.795,-1496.61,-23.1917,-50.3236,-1371.3302,-62.2888,-62.2888
2,0,-8.550922,0,-52.3999,8.47674,-8.60857,201.193,-1509.24,198.532,-1494.16,0,198.532,-1494.16,-29.5509,-52.3999,-1377.5789,-68.9529,-68.9529
2,1,-8.550922,0,-52.3999,8.47674,-8.60857,201.193,-1509.24,198.532,-1494.16,0,198.532,-1494.16,-29.5509,-52.3999,-1377.5789,-68.9529,-68.9529
2,2,-8.550922,0,-52.3999,8.47674,-8.60857,201.193,-1509.24,198.532,-1494.16,0,198.532,-1494.16,-29.5509,-52.3999,-1377.5789,-68.9529,-68.9529
2,3,-8.469255,0,-51.6144,8.49593,-8.63015,201.193,-1509.24,198.505,-1493.99,0,198.505,-1493.99,-29.5836,-51.6144,-1376.683,-68.1576,-68.1576
2,4,-8.469255,0,-51.6144,8.49593,-8.63015,201.193,-1509.24,198.505,-1493.99,0,198.505,-1493.99,-29.5836,-51.6144,-1376.683,-68.1576,-68.1576
2,5,-8.469255,0,-51.6144,8.49593,-8.63015,201.193,-1509.24,198.505,-1493.99,0,198.505,-1493.99,-29.5836,-51.6144,-1376.683,-68.1576,-68.1576
2,6,-8.44328,0,-51.4764,8.63614,-8.64156,201.193,-1509.24,198.658,-1493.81,0,198.658,-1493.81,-26.3505,-51.4764,-1372.979,-64.8048,-64.8048
2,7,-8.44328,0,-51.4764,8.63614,-8.64156,201.193,-1509.24,198.658,-1493.81,0,198.658,-1493.81,-26.3505,-51.4764,-1372.979,-64.8048,-64.8048
3,0,-8.381834,0,-42.0653,8.92544,-6.73415,201.193,-1509.24,198.536,-1504.81,0,198.536,-1504.81,-28.7914,-42.0653,-1377.1307,-64.5356,-64.5356
3,1,-8.372493,0,-41.933,8.92271,-6.75956,201.193,-1509.24,198.535,-1504.89,0,198.535,-1504.89,-28.7943,-41.933,-1377.0823,-64.5118,-64.5118
3,2,-8.421619,0,-45.901,8.70293,-6.05386,201.193,-1509.24,198.41,-1499,0,198.41,-1499,-23.6716,-45.901,-1370.1626,-57.8261,-57.8261
3,3,-7.476269,0,-37.9548,8.72226,-6.35664,201.193,-1509.24,198.566,-1496.35,0,198.566,-1496.35,-21.7786,-37.9548,-1357.5173,-47.8829,-47.8829
3,4,-7.3574185,0,-33.3937,9.08726,-7.42398,201.193,-1509.24,198.371,-1501.66,0,198.371,-1501.66,-18.7138,-33.3937,-1355.3966,-45.1891,-45.1891
4,0,-8.495793,0,-46.4916,8.57194,-7.15044,201.193,-1509.24,198.353,-1500.51,0,198.353,-1500.51,-28.457,-46.4916,-1377.1056,-62.1092,-62.1092
4,1,-8.495549,0,-46.4984,8.57154,-7.15122,201.193,-1509.24,198.355,-1500.5,0,198.355,-1500.5,-28.4562,-46.4984,-1377.0996,-62.1082,-62.1082
5,0,-8.485663,0,-46.09,9.13756,-6.42246,201.193,-1509.24,198.571,-1499.7,0,198.571,-1499.7,-29.4748,-46.09,-1376.6937,-65.6702,-65.6702
5,1,-8.485663,0,-46.09,9.13756,-6.42246,201.193,-1509.24,198.571,-1499.7,0,198.571,-1499.7,-29.4748,-46.09,-1376.6937,-65.6702,-65.6702
5,2,-8.485663,0,-46.09,9.13756,-6.42246,201.193,-1509.24,198.571,-1499.7,0,198.571,-1499.7,-29.4748,-46.09,-1376.6937,-65.6702,-65.6702
5,3,-8.485663,0,-46.09,9.13756,-6.42246,201.193,-1509.24,198.571,-1499.7,0,198.571,-1499.7,-29.4748,-46.09,-1376.6937,-65.6702,-65.6702
5,4,-8.47794,0,-46.0503,9.13387,-6.4263,201.193,-1509.24,198.568,-1499.64,0,198.568,-1499.64,-29.5057,-46.0503,-1376.628,-65.6744,-65.6744
5,5,-8.47794,0,-46.0503,9.13387,-6.4263,201.193,-1509.24,198.568,-1499.64,0,198.568,-1499.64,-29.5057,-46.0503,-1376.628,-65.6744,-65.6744
5,6,-8.455172,0,-45.91,9.119,-6.55383,201.193,-1509.24,198.571,-1499.64,0,198.571,-1499.64,-29.4792,-45.91,-1376.4581,-65.5413,-65.5413
5,7,-8.455172,0,-45.91,9.119,-6.55383,201.193,-1509.24,198.571,-1499.64,0,198.571,-1499.64,-29.4792,-45.91,-1376.4581,-65.5413,-65.5413
6,0,-8.930396,0,-54.0699,9.15527,-9.17372,201.193,-1509.24,198.095,-1496.62,0,198.095,-1496.62,-23.7099,-54.0699,-1376.3048,-67.3309,-67.3309
7,0,-8.354258,0,-46.854,8.72214,-8.34445,201.193,-1509.24,198.276,-1498.48,0,198.276,-1498.48,-29.0672,-46.854,-1376.1251,-60.6012,-60.6012
7,1,-8.354258,0,-46.854,8.72214,-8.34445,201.193,-1509.24,198.276,-1498.48,0,198.276,-1498.48,-29.0672,-46.854,-1376.1251,-60.6012,-60.6012
7,2,-8.352787,0,-46.8277,8.71931,-8.34273,201.193,-1509.24,198.27,-1498.49,0,198.27,-1498.49,-29.0734,-46.8277,-1376.1211,-60.597,-60.597
7,3,-8.3520155,0,-46.8609,8.71996,-8.35608,201.193,-1509.24,198.271,-1498.44,0,198.271,-1498.44,-29.081,-46.8609,-1376.1108,-60.6091,-60.6091
7,4,-8.3520155,0,-46.8609,8.71996,-8.35608,201.193,-1509.24,198.271,-1498.44,0,198.271,-1498.44,-29.081,-46.8609,-1376.1108,-60.6091,-60.6091
7,5,-8.180566,0,-42.4463,8.84571,-7.48689,201.193,-1509.24,198.44,-1501.66,0,198.44,-1501.66,-27.2862,-42.4463,-1372.9526,-56.4768,-56.4768
7,6,-7.9617205,0,-37.7016,8.94035,-7.91911,201.193,-1509.24,198.599,-1505.95,0,198.599,-1505.95,-24.578,-37.7016,-1369.6305,-52.9252,-52.9252
7,7,-7.9697323,0,-37.5814,8.94724,-7.93922,201.193,-1509.24,198.608,-1506.29,0,198.608,-1506.29,-24.2581,-37.5814,-1369.5215,-52.8408,-52.8408
8,0,-8.688085,0,-53.5102,8.82472,-8.79866,201.193,-1509.24,199.129,-1495.26,0,199.129,-1495.26,-26.0098,-53.5102,-1375.651,-63.3424,-63.3424
8,1,-8.499965,0,-49.7845,8.8769,-8.66523,201.193,-1509.24,199.096,-1497.68,0,199.096,-1497.68,-26.2377,-49.7845,-1374.6063,-63.8709,-63.8709
8,2,-8.137396,0,-45.7844,8.64666,-8.48765,201.193,-1509.24,198.839,-1497.72,0,198.839,-1497.72,-28.6046,-45.7844,-1373.27,-63.0931,-63.0931
8,3,-8.011988,0,-40.4203,8.64148,-7.54769,201.193,-1509.24,198.994,-1503.27,0,198.994,-1503.27,-28.4284,-40.4203,-1373.1248,-61.3742,-61.3742
8,4,-8.011674,0,-40.424,8.63756,-7.57915,201.193,-1509.24,199.022,-1503.34,0,199.022,-1503.34,-28.2635,-40.424,-1373.0055,-61.3812,-61.3812
8,5,-7.7549305,0,-37.0318,8.89475,-7.51012,201.193,-1509.24,199.312,-1504.37,0,199.312,-1504.37,-27.2128,-37.0318,-1369.3026,-57.0079,-57.0079
8,6,-8.091809,0,-42.7637,8.75763,-8.34025,201.193,-1509.24,199.366,-1502.14,0,199.366,-1502.14,-17.9881,-42.7637,-1363.5259,-47.405,-47.405
9,0,-8.41498,0,-49.4937,8.5682,-8.61896,201.193,-1509.24,198.422,-1496.13,0,198.422,-1496.13,-28.4286,-49.4937,-1375.6302,-61.3201,-61.3201
9,1,-8.332635,0,-46.8109,8.46359,-8.1612,201.193,-1509.24,198.425,-1498.64,0,198.425,-1498.64,-28.5447,-46.8109,-1375.5706,-60.8823,-60.8823
9,2,-8.332635,0,-46.8109,8.46359,-8.1612,201.193,-1509.24,198.425,-1498.64,0,198.425,-1498.64,-28.5447,-46.8109,-1375.5706,-60.8823,-60.8823
9,3,-8.332635,0,-46.8109,8.46359,-8.1612,201.193,-1509.24,198.425,-1498.64,0,198.425,-1498.64,-28.5447,-46.8109,-1375.5706,-60.8823,-60.8823
9,4,-8.262496,0,-45.6712,8.46021,-8.04264,201.193,-1509.24,198.43,-1499.15,0,198.43,-1499.15,-28.7929,-45.6712,-1375.1841,-60.7355,-60.7355
9,5,-8.262496,0,-45.6712,8.46021,-8.04264,201.193,-1509.24,198.43,-1499.15,0,198.43,-1499.15,-28.7929,-45.6712,-1375.1841,-60.7355,-60.7355
9,6,-8.262496,0,-45.6712,8.46021,-8.04264,201.193,-1509.24,198.43,-1499.15,0,198.43,-1499.15,-28.7929,-45.6712,-1375.1841,-60.7355,-60.7355
9,7,-8.262496,0,-45.6712,8.46021,-8.04264,201.193,-1509.24,198.43,-1499.15,0,198.43,-1499.15,-28.7929,-45.6712,-1375.1841,-60.7355,-60.7355
10,0,-8.100514,0,-39.3897,8.82619,-6.42109,201.193,-1509.24,198.187,-1503.65,0,198.187,-1503.65,-30.7481,-39.3897,-1375.6008,-58.9887,-58.9887
10,1,-8.100514,0,-39.3897,8.82619,-6.42109,201.193,-1509.24,198.187,-1503.65,0,198.187,-1503.65,-30.7481,-39.3897,-1375.6008,-58.9887,-58.9887
10,2,-8.100514,0,-39.3897,8.82619,-6.42109,201.193,-1509.24,198.187,-1503.65,0,198.187,-1503.65,-30.7481,-39.3897,-1375.6008,-58.9887,-58.9887
10,3,-8.010645,0,-37.9997,8.78416,-6.01343,201.193,-1509.24,198.111,-1503.87,0,198.111,-1503.87,-31.4736,-37.9997,-1375.2323,-58.4611,-58.4611
10,4,-8.010645,0,-37.9997,8.78416,-6.01343,201.193,-1509.24,198.111,-1503.87,0,198.111,-1503.87,-31.4736,-37.9997,-1375.2323,-58.4611,-58.4611
10,5,-8.010645,0,-37.9997,8.78416,-6.01343,201.193,-1509.24,198.111,-1503.87,0,198.111,-1503.87,-31.4736,-37.9997,-1375.2323,-58.4611,-58.4611
10,6,-8.010645,0,-37.9997,8.78416,-6.01343,201.193,-1509.24,198.111,-1503.87,0,198.111,-1503.87,-31.4736,-37.9997,-1375.2323,-58.4611,-58.4611
10,7,-8.013814,0,-37.8886,8.77491,-5.91099,201.193,-1509.24,198.114,-1504.01,0,198.114,-1504.01,-31.3316,-37.8886,-1375.1162,-58.221,-58.221
11,0,-8.312547,0,-46.3562,9.27301,-6.74454,201.193,-1509.24,198.867,-1497.03,0,198.867,-1497.03,-31.0376,-46.3562,-1375.5569,-59.7195,-59.7195
11,1,-8.224027,0,-44.8461,9.36839,-6.58338,201.193,-1509.24,198.971,-1497.77,0,198.971,-1497.77,-31.5459,-44.8461,-1375.191,-59.7936,-59.7936
11,2,-8.224027,0,-44.8461,9.36839,-6.58338,201.193,-1509.24,198.971,-1497.77,0,198.971,-1497.77,-31.5459,-44.8461,-1375.191,-59.7936,-59.7936
11,3,-8.186214,0,-44.2009,9.37826,-6.5469,201.193,-1509.24,198.953,-1498.07,0,198.953,-1498.07,-31.733,-44.2009,-1375.0509,-59.7588,-59.7588
11,4,-7.7330475,0,-37.8421,9.57976,-5.98342,201.193,-1509.24,199.141,-1499.91,0,199.141,-1499.91,-29.6356,-37.8421,-1368.2467,-54.5704,-54.5704
11,5,-7.3363113,0,-29.4594,9.52199,-9.06846,201.193,-1509.24,199.025,-1509.38,0,199.025,-1509.38,-23.3248,-29.4594,-1363.1392,-51.5704,-51.5704
11,6,-7.3363113,0,-29.4594,9.52199,-9.06846,201.193,-1509.24,199.025,-1509.38,0,199.025,-1509.38,-23.3248,-29.4594,-1363.1392,-51.5704,-51.5704
11,7,-7.3416505,0,-29.6087,9.50288,-9.26086,201.193,-1509.24,199.026,-1509.46,0,199.026,-1509.46,-23.014,-29.6087,-1363.0566,-51.5233,-51.5233
12,0,-8.855798,0,-55.4683,8.82384,-8.10762,201.193,-1509.24,198.68,-1493.59,0,198.68,-1493.59,-25.1404,-55.4683,-1375.5188,-67.8335,-67.8335
12,1,-8.350707,0,-50.5025,8.39562,-7.44898,201.193,-1509.24,198.482,-1492.71,0,198.482,-1492.71,-29.0019,-50.5025,-1373.7324,-67.4806,-67.4806
12,2,-9.002713,0,-58.0089,8.5455,-8.35389,201.193,-1509.24,198.693,-1492.76,0,198.693,-1492.76,-20.4299,-58.0089,-1372.5059,-62.8547,-62.8547
12,3,-8.399569,0,-50.7285,8.76863,-7.69498,201.193,-1509.24,198.703,-1493.17,0,198.703,-1493.17,-23.9143,-50.7285,-1369.1099,-63.4959,-63.4959
12,4,-8.098996,0,-48.192,8.55014,-8.55645,201.193,-1509.24,198.568,-1493.17,0,198.568,-1493.17,-21.9594,-48.192,-1364.7534,-59.4773,-59.4773
12,5,-8.370168,0,-51.0731,8.83433,-7.73191,201.193,-1509.24,198.805,-1492.25,0,198.805,-1492.25,-19.7683,-51.0731,-1364.2864,-58.3507,-58.3507
12,6,-8.349996,0,-50.6046,8.80419,-7.72166,201.193,-1509.24,198.785,-1492.65,0,198.785,-1492.65,-19.7347,-50.6046,-1364.2042,-58.3012,-58.3012
12,7,-7.6910377,0,-43.3446,8.5487,-7.37797,201.193,-1509.24,198.684,-1493,0,198.684,-1493,-25.0957,-43.3446,-1362.7563,-57.2485,-57.2485
13,0,-7.5227976,0,-32.0204,8.47927,-5.92972,201.193,-1509.24,198.293,-1505.81,0,198.293,-1505.81,-35.8172,-32.0204,-1375.3547,-56.4367,-56.4367
13,1,-7.5227976,0,-32.0204,8.47927,-5.92972,201.193,-1509.24,198.293,-1505.81,0,198.293,-1505.81,-35.8172,-32.0204,-1375.3547,-56.4367,-56.4367
13,2,-7.496608,0,-31.67,8.5176,-5.95515,201.193,-1509.24,198.306,-1505.91,0,198.306,-1505.91,-35.897,-31.67,-1375.171,-56.3645,-56.3645
13,3,-7.4541802,0,-31.0839,8.56041,-5.99614,201.193,-1509.24,198.327,-1506.13,0,198.327,-1506.13,-36.0732,-31.0839,-1374.9601,-56.1955,-56.1955
13,4,-7.4541802,0,-31.0839,8.56041,-5.99614,201.193,-1509.24,198.327,-1506.13,0,198.327,-1506.13,-36.0732,-31.0839,-1374.9601,-56.1955,-56.1955
13,5,-7.4541802,0,-31.0839,8.56041,-5.99614,201.193,-1509.24,198.327,-1506.13,0,198.327,-1506.13,-36.0732,-31.0839,-1374.9601,-56.1955,-56.1955
13,6,-7.4541802,0,-31.0839,8.56041,-5.99614,201.193,-1509.24,198.327,-1506.13,0,198.327,-1506.13,-36.0732,-31.0839,-1374.9601,-56.1955,-56.1955
13,7,-7.4541802,0,-31.0839,8.56041,-5.99614,201.193,-1509.24,198.327,-1506.13,0,198.327,-1506.13,-36.0732,-31.0839,-1374.9601,-56.1955,-56.1955
14,0,-8.044122,0,-39.1734,8.86434,-7.34,201.193,-1509.24,198.748,-1504.79,0,198.748,-1504.79,-30.1178,-39.1734,-1375.3333,-55.9462,-55.9462
14,1,-8.044122,0,-39.1734,8.86434,-7.34,201.193,-1509.24,198.748,-1504.79,0,198.748,-1504.79,-30.1178,-39.1734,-1375.3333,-55.9462,-55.9462
14,2,-8.044122,0,-39.1734,8.86434,-7.34,201.193,-1509.24,198.748,-1504.79,0,198.748,-1504.79,-30.1178,-39.1734,-1375.3333,-55.9462,-55.9462
14,3,-7.9804206,0,-37.7729,8.83537,-7.37038,201.193,-1509.24,198.645,-1505.83,0,198.645,-1505.83,-29.962,-37.7729,-1374.9198,-55.5102,-55.5102
14,4,-7.9058037,0,-36.5452,8.81493,-7.37593,201.193,-1509.24,198.732,-1506.68,0,198.732,-1506.68,-30.1041,-36.5452,-1374.5974,-55.2335,-55.2335
14,5,-7.9058037,0,-36.5452,8.81493,-7.37593,201.193,-1509.24,198.732,-1506.68,0,198.732,-1506.68,-30.1041,-36.5452,-1374.5974,-55.2335,-55.2335
14,6,-7.9058037,0,-36.5452,8.81493,-7.37593,201.193,-1509.24,198.732,-1506.68,0,198.732,-1506.68,-30.1041,-36.5452,-1374.5974,-55.2335,-55.2335
14,7,-7.9058037,0,-36.5452,8.81493,-7.37593,201.193,-1509.24,198.732,-1506.68,0,198.732,-1506.68,-30.1041,-36.5452,-1374.5974,-55.2335,-55.2335
15,0,-8.754848,0,-55.5086,8.45874,-7.57708,201.193,-1509.24,198.834,-1492.15,0,198.834,-1492.15,-26.4465,-55.5086,-1375.2711,-67.2325,-67.2325
15,1,-8.16488,0,-47.8013,8.56951,-7.50606,201.193,-1509.24,198.969,-1494.39,0,198.969,-1494.39,-25.0941,-47.8013,-1368.3164,-60.7437,-60.7437
15,2,-8.147134,0,-47.6878,8.58572,-7.54522,201.193,-1509.24,198.911,-1494.2,0,198.911,-1494.2,-25.0058,-47.6878,-1367.9825,-60.3287,-60.3287
15,3,-7.959206,0,-45.0575,8.98791,-7.88993,201.193,-1509.24,198.854,-1494.83,0,198.854,-1494.83,-26.4541,-45.0575,-1367.4875,-54.7551,-54.7551
15,4,-7.961331,0,-45.0055,8.99718,-7.9384,201.193,-1509.24,198.861,-1494.99,0,198.861,-1494.99,-26.3496,-45.0055,-1367.4841,-54.7826,-54.7826
15,5,-7.9631586,0,-42.855,9.26555,-8.14443,201.193,-1509.24,198.67,-1497.84,0,198.67,-1497.84,-19.1974,-42.855,-1361.2223,-54.0958,-54.0958
15,6,-7.951947,0,-42.812,9.20398,-8.16208,201.193,-1509.24,198.679,-1497.85,0,198.679,-1497.85,-19.185,-42.812,-1361.168,-53.9704,-53.9704
15,7,-7.2243385,0,-35.2516,9.02203,-8.28568,201.193,-1509.24,198.891,-1498.38,0,198.891,-1498.38,-14.4313,-35.2516,-1349.1719,-41.0307,-41.0307
16,0,-7.9653163,0,-40.153,8.34512,-7.96261,201.193,-1509.24,198.707,-1503.35,0,198.707,-1503.35,-30.3055,-40.153,-1375.1014,-56.3854,-56.3854
16,1,-7.9653163,0,-40.153,8.34512,-7.96261,201.193,-1509.24,198.707,-1503.35,0,198.707,-1503.35,-30.3055,-40.153,-1375.1014,-56.3854,-56.3854
16,2,-7.9653163,0,-40.153,8.34512,-7.96261,201.193,-1509.24,198.707,-1503.35,0,198.707,-1503.35,-30.3055,-40.153,-1375.1014,-56.3854,-56.3854
16,3,-7.948053,0,-40.2105,8.32709,-7.97714,201.193,-1509.24,198.622,-1502.89,0,198.622,-1502.89,-30.3126,-40.2105,-1374.7911,-56.2748,-56.2748
16,4,-7.948053,0,-40.2105,8.32709,-7.97714,201.193,-1509.24,198.622,-1502.89,0,198.622,-1502.89,-30.3126,-40.2105,-1374.7911,-56.2748,-56.2748
16,5,-7.948053,0,-40.2105,8.32709,-7.97714,201.193,-1509.24,198.622,-1502.89,0,198.622,-1502.89,-30.3126,-40.2105,-1374.7911,-56.2748,-56.2748
16,6,-7.948053,0,-40.2105,8.32709,-7.97714,201.193,-1509.24,198.622,-1502.89,0,198.622,-1502.89,-30.3126,-40.2105,-1374.7911,-56.2748,-56.2748
16,7,-7.9396033,0,-40.0659,8.33137,-8.04267,201.193,-1509.24,198.645,-1503.07,0,198.645,-1503.07,-30.2515,-40.0659,-1374.7423,-56.0608,-56.0608
17,0,-8.042767,0,-43.3978,8.4541,-7.13818,201.193,-1509.24,199.013,-1499.08,0,199.013,-1499.08,-31.3202,-43.3978,-1374.7849,-58.8137,-58.8137
17,1,-8.042767,0,-43.3978,8.4541,-7.13818,201.193,-1509.24,199.013,-1499.08,0,199.013,-1499.08,-31.3202,-43.3978,-1374.7849,-58.8137,-58.8137
17,2,-8.071644,0,-43.7212,8.44618,-7.14897,201.193,-1509.24,198.971,-1499.01,0,198.971,-1499.01,-30.9723,-43.7212,-1374.7325,-58.7827,-58.7827
17,3,-8.071644,0,-43.7212,8.44618,-7.14897,201.193,-1509.24,198.971,-1499.01,0,198.971,-1499.01,-30.9723,-43.7212,-1374.7325,-58.7827,-58.7827
17,4,-8.058938,0,-43.3384,8.52562,-7.7429,201.193,-1509.24,199.194,-1500.21,0,199.194,-1500.21,-29.8854,-43.3384,-1374.2397,-58.2992,-58.2992
17,5,-8.058938,0,-43.3384,8.52562,-7.7429,201.193,-1509.24,199.194,-1500.21,0,199.194,-1500.21,-29.8854,-43.3384,-1374.2397,-58.2992,-58.2992
17,6,-8.058938,0,-43.3384,8.52562,-7.7429,201.193,-1509.24,199.194,-1500.21,0,199.194,-1500.21,-29.8854,-43.3384,-1374.2397,-58.2992,-58.2992
17,7,-8.058938,0,-43.3384,8.52562,-7.7429,201.193,-1509.24,199.194,-1500.21,0,199.194,-1500.21,-29.8854,-43.3384,-1374.2397,-58.2992,-58.2992
18,0,-7.977559,0,-42.1089,8.38365,-7.56352,201.193,-1509.24,200.455,-1502.77,0,200.455,-1502.77,-30.2505,-42.1089,-1374.6744,-58.3319,-58.3319
18,1,-7.977559,0,-42.1089,8.38365,-7.56352,201.193,-1509.24,200.455,-1502.77,0,200.455,-1502.77,-30.2505,-42.1089,-1374.6744,-58.3319,-58.3319
18,2,-7.977559,0,-42.1089,8.38365,-7.56352,201.193,-1509.24,200.455,-1502.77,0,200.455,-1502.77,-30.2505,-42.1089,-1374.6744,-58.3319,-58.3319
18,3,-7.8923984,0,-40.9991,8.32741,-7.39069,201.193,-1509.24,200.301,-1502.77,0,200.301,-1502.77,-31.0482,-40.9991,-1374.5164,-58.1305,-58.1305
18,4,-7.8923984,0,-40.9991,8.32741,-7.39069,201.193,-1509.24,200.301,-1502.77,0,200.301,-1502.77,-31.0482,-40.9991,-1374.5164,-58.1305,-58.1305
18,5,-7.8923984,0,-40.9991,8.32741,-7.39069,201.193,-1509.24,200.301,-1502.77,0,200.301,-1502.77,-31.0482,-40.9991,-1374.5164,-58.1305,-58.1305
18,6,-7.8880363,0,-40.9588,8.32087,-7.39176,201.193,-1509.24,200.319,-1502.8,0,200.319,-1502.8,-30.9285,-40.9588,-1374.3684,-57.9943,-57.9943
18,7,-7.8880363,0,-40.9588,8.32087,-7.39176,201.193,-1509.24,200.319,-1502.8,0,200.319,-1502.8,-30.9285,-40.9588,-1374.3684,-57.9943,-57.9943
19,0,-7.831505,0,-41.0693,8.42842,-8.60571,201.193,-1509.24,198.292,-1499.62,0,198.292,-1499.62,-31.8931,-41.0693,-1374.2904,-58.4762,-58.4762
19,1,-7.831505,0,-41.0693,8.42842,-8.60571,201.193,-1509.24,198.292,-1499.62,0,198.292,-1499.62,-31.8931,-41.0693,-1374.2904,-58.4762,-58.4762
19,2,-7.831505,0,-41.0693,8.42842,-8.60571,201.193,-1509.24,198.292,-1499.62,0,198.292,-1499.62,-31.8931,-41.0693,-1374.2904,-58.4762,-58.4762
19,3,-7.831505,0,-41.0693,8.42842,-8.60571,201.193,-1509.24,198.292,-1499.62,0,198.292,-1499.62,-31.8931,-41.0693,-1374.2904,-58.4762,-58.4762
19,4,-7.8037834,0,-40.8388,8.42396,-8.63741,201.193,-1509.24,198.349,-1499.65,0,198.349,-1499.65,-31.6852,-40.8388,-1373.8251,-58.0303,-58.0303
19,5,-7.8037834,0,-40.8388,8.42396,-8.63741,201.193,-1509.24,198.349,-1499.65,0,198.349,-1499.65,-31.6852,-40.8388,-1373.8251,-58.0303,-58.0303
19,6,-7.787832,0,-40.8183,8.41119,-8.65242,201.193,-1509.24,198.287,-1499.36,0,198.287,-1499.36,-31.7974,-40.8183,-1373.6887,-58.0998,-58.0998
19,7,-7.787832,0,-40.8183,8.41119,-8.65242,201.193,-1509.24,198.287,-1499.36,0,198.287,-1499.36,-31.7974,-40.8183,-1373.6887,-58.0998,-58.0998
20,0,-8.449783,0,-45.7071,8.65516,-7.63746,201.193,-1509.24,198.25,-1501.17,0,198.25,-1501.17,-25.6229,-45.7071,-1374.25,-61.8866,-61.8866
20,1,-8.449783,0,-45.7071,8.65516,-7.63746,201.193,-1509.24,198.25,-1501.17,0,198.25,-1501.17,-25.6229,-45.7071,-1374.25,-61.8866,-61.8866
20,2,-8.449783,0,-45.7071,8.65516,-7.63746,201.193,-1509.24,198.25,-1501.17,0,198.25,-1501.17,-25.6229,-45.7071,-1374.25,-61.8866,-61.8866
20,3,-8.454355,0,-45.7571,8.6553,-7.63099,201.193,-1509.24,198.256,-1501.17,0,198.256,-1501.17,-25.5612,-45.7571,-1374.2323,-61.8668,-61.8668
20,4,-8.454355,0,-45.7571,8.6553,-7.63099,201.193,-1509.24,198.256,-1501.17,0,198.256,-1501.17,-25.5612,-45.7571,-1374.2323,-61.8668,-61.8668
20,5,-8.454355,0,-45.7571,8.6553,-7.63099,201.193,-1509.24,198.256,-1501.17,0,198.256,-1501.17,-25.5612,-45.7571,-1374.2323,-61.8668,-61.8668
20,6,-8.461274,0,-45.4546,8.66003,-7.36768,201.193,-1509.24,198.243,-1501.46,0,198.243,-1501.46,-25.5322,-45.4546,-1374.2037,-61.7039,-61.7039
20,7,-8.461274,0,-45.4546,8.66003,-7.36768,201.193,-1509.24,198.243,-1501.46,0,198.243,-1501.46,-25.5322,-45.4546,-1374.2037,-61.7039,-61.7039
21,0,-8.596828,0,-49.7919,8.92702,-7.90056,201.193,-1509.24,198.566,-1497.59,0,198.566,-1497.59,-25.2275,-49.7919,-1374.0433,-61.8823,-61.8823
21,1,-8.60209,0,-49.8496,8.92925,-7.91333,201.193,-1509.24,198.575,-1497.61,0,198.575,-1497.61,-25.1574,-49.8496,-1374.042,-61.8807,-61.8807
21,2,-8.699965,0,-51.3094,8.93794,-8.40377,201.193,-1509.24,198.601,-1497.47,0,198.601,-1497.47,-23.4665,-51.3094,-1373.6449,-61.241,-61.241
21,3,-8.447849,0,-47.0224,8.86841,-7.72283,201.193,-1509.24,198.851,-1499.79,0,198.851,-1499.79,-19.5969,-47.0224,-1367.5583,-56.6901,-56.6901
21,4,-8.441248,0,-46.9241,8.87081,-7.72531,201.193,-1509.24,198.875,-1499.87,0,198.875,-1499.87,-19.4983,-46.9241,-1367.4174,-56.5579,-56.5579
21,5,-7.725312,0,-41.9283,8.77817,-7.74092,201.193,-1509.24,198.802,-1495.94,0,198.802,-1495.94,-26.6034,-41.9283,-1365.6697,-54.2755,-54.2755
21,6,-7.1772423,0,-36.1543,8.77374,-7.7573,201.193,-1509.24,198.813,-1495.95,0,198.813,-1495.95,-22.1745,-36.1543,-1355.4658,-43.9837,-43.9837
21,7,-7.125976,0,-35.5095,8.784,-7.75653,201.193,-1509.24,198.805,-1496.08,0,198.805,-1496.08,-22.2357,-35.5095,-1355.0203,-43.4531,-43.4531
22,0,-8.380838,0,-47.6562,8.96473,-7.9342,201.193,-1509.24,198.82,-1497.73,0,198.82,-1497.73,-27.4546,-47.6562,-1374.0208,-61.6467,-61.6467
22,1,-8.380838,0,-47.6562,8.96473,-7.9342,201.193,-1509.24,198.82,-1497.73,0,198.82,-1497.73,-27.4546,-47.6562,-1374.0208,-61.6467,-61.6467
22,2,-8.3527775,0,-47.5821,8.9688,-7.92897,201.193,-1509.24,198.843,-1497.41,0,198.843,-1497.41,-27.7541,-47.5821,-1373.9032,-62.1704,-62.1704
22,3,-8.3527775,0,-47.5821,8.9688,-7.92897,201.193,-1509.24,198.843,-1497.41,0,198.843,-1497.41,-27.7541,-47.5821,-1373.9032,-62.1704,-62.1704
22,4,-8.3527775,0,-47.5821,8.9688,-7.92897,201.193,-1509.24,198.843,-1497.41,0,198.843,-1497.41,-27.7541,-47.5821,-1373.9032,-62.1704,-62.1704
22,5,-8.3527775,0,-47.5821,8.9688,-7.92897,201.193,-1509.24,198.843,-1497.41,0,198.843,-1497.41,-27.7541,-47.5821,-1373.9032,-62.1704,-62.1704
22,6,-8.3527775,0,-47.5821,8.9688,-7.92897,201.193,-1509.24,198.843,-1497.41,0,198.843,-1497.41,-27.7541,-47.5821,-1373.9032,-62.1704,-62.1704
22,7,-8.354856,0,-47.56,8.96797,-7.96502,201.193,-1509.24,198.833,-1497.5,0,198.833,-1497.5,-27.6517,-47.56,-1373.8787,-61.6491,-61.6491
23,0,-8.533538,0,-45.4946,9.03566,-6.11292,201.193,-1509.24,199.444,-1502.6,0,199.444,-1502.6,-25.3482,-45.4946,-1373.9988,-61.6054,-61.6054
23,1,-8.533538,0,-45.4946,9.03566,-6.11292,201.193,-1509.24,199.444,-1502.6,0,199.444,-1502.6,-25.3482,-45.4946,-1373.9988,-61.6054,-61.6054
23,2,-8.533538,0,-45.4946,9.03566,-6.11292,201.193,-1509.24,199.444,-1502.6,0,199.444,-1502.6,-25.3482,-45.4946,-1373.9988,-61.6054,-61.6054
23,3,-8.533538,0,-45.4946,9.03566,-6.11292,201.193,-1509.24,199.444,-1502.6,0,199.444,-1502.6,-25.3482,-45.4946,-1373.9988,-61.6054,-61.6054
23,4,-8.532929,0,-45.4712,9.0343,-6.11306,201.193,-1509.24,199.445,-1502.63,0,199.445,-1502.63,-25.3304,-45.4712,-1373.9866,-61.5973,-61.5973
23,5,-8.532929,0,-45.4712,9.0343,-6.11306,201.193,-1509.24,199.445,-1502.63,0,199.445,-1502.63,-25.3304,-45.4712,-1373.9866,-61.5973,-61.5973
23,6,-8.532929,0,-45.4712,9.0343,-6.11306,201.193,-1509.24,199.445,-1502.63,0,199.445,-1502.63,-25.3304,-45.4712,-1373.9866,-61.5973,-61.5973
23,7,-8.229648,0,-42.701,9.00869,-6.29583,201.193,-1509.24,199.394,-1502.1,0,199.394,-1502.1,-25.8853,-42.701,-1371.2922,-59.2581,-59.2581
24,0,-8.647187,0,-55.393,8.85918,-7.39584,201.193,-1509.24,197.877,-1488.29,0,197.877,-1488.29,-28.1181,-55.393,-1373.9242,-61.4025,-61.4025
24,1,-8.641356,0,-55.2028,8.87198,-7.40844,201.193,-1509.24,197.863,-1488.46,0,197.863,-1488.46,-28.1218,-55.2028,-1373.9215,-61.3918,-61.3918
24,2,-8.624915,0,-55.1721,8.85962,-7.29051,201.193,-1509.24,197.876,-1488.16,0,197.876,-1488.16,-28.2612,-55.1721,-1373.7174,-61.427,-61.427
24,3,-8.578384,0,-55.4434,8.72341,-9.17679,201.193,-1509.24,198.156,-1489.51,0,198.156,-1489.51,-21.0829,-55.4434,-1367.8802,-56.8917,-56.8917
24,4,-8.587982,0,-55.6267,8.72019,-9.20536,201.193,-1509.24,198.145,-1489.4,0,198.145,-1489.4,-20.9616,-55.6267,-1367.8433,-56.8545,-56.8545
24,5,-8.587982,0,-55.6267,8.72019,-9.20536,201.193,-1509.24,198.145,-1489.4,0,198.145,-1489.4,-20.9616,-55.6267,-1367.8433,-56.8545,-56.8545
24,6,-8.592238,0,-55.9011,8.73282,-9.17167,201.193,-1509.24,198.163,-1489.02,0,198.163,-1489.02,-20.8368,-55.9011,-1367.595,-56.5722,-56.5722
24,7,-8.592238,0,-55.9011,8.73282,-9.17167,201.193,-1509.24,198.163,-1489.02,0,198.163,-1489.02,-20.8368,-55.9011,-1367.595,-56.5722,-56.5722
25,0,-8.274028,0,-43.9025,8.71898,-7.98285,201.193,-1509.24,199.334,-1503.01,0,199.334,-1503.01,-25.9539,-43.9025,-1373.5325,-55.7901,-55.7901
25,1,-8.274028,0,-43.9025,8.71898,-7.98285,201.193,-1509.24,199.334,-1503.01,0,199.334,-1503.01,-25.9539,-43.9025,-1373.5325,-55.7901,-55.7901
25,2,-8.274028,0,-43.9025,8.71898,-7.98285,201.193,-1509.24,199.334,-1503.01,0,199.334,-1503.01,-25.9539,-43.9025,-1373.5325,-55.7901,-55.7901
25,3,-8.277533,0,-43.9989,8.71808,-8.00004,201.193,-1509.24,199.336,-1502.94,0,199.336,-1502.94,-25.9116,-43.9989,-1373.5144,-55.7907,-55.7907
25,4,-8.277533,0,-43.9989,8.71808,-8.00004,201.193,-1509.24,199.336,-1502.94,0,199.336,-1502.94,-25.9116,-43.9989,-1373.5144,-55.7907,-55.7907
25,5,-8.273175,0,-43.9586,8.71837,-7.99641,201.193,-1509.24,199.338,-1502.93,0,199.338,-1502.93,-25.9613,-43.9586,-1373.512,-55.7948,-55.7948
25,6,-8.273175,0,-43.9586,8.71837,-7.99641,201.193,-1509.24,199.338,-1502.93,0,199.338,-1502.93,-25.9613,-43.9586,-1373.512,-55.7948,-55.7948
25,7,-8.273175,0,-43.9586,8.71837,-7.99641,201.193,-1509.24,199.338,-1502.93,0,199.338,-1502.93,-25.9613,-43.9586,-1373.512,-55.7948,-55.7948
26,0,-8.070881,0,-40.641,8.63878,-7.7077,201.193,-1509.24,198.583,-1503.42,0,198.583,-1503.42,-27.5165,-40.641,-1372.9945,-58.5278,-58.5278
26,1,-8.077874,0,-40.7868,8.63682,-7.67577,201.193,-1509.24,198.583,-1503.28,0,198.583,-1503.28,-27.4353,-40.7868,-1372.9191,-58.4683,-58.4683
26,2,-8.078077,0,-40.8141,8.62627,-7.66674,201.193,-1509.24,198.584,-1503.25,0,198.584,-1503.25,-27.409,-40.8141,-1372.8892,-58.4387,-58.4387
26,3,-8.140402,0,-39.3358,8.75008,-8.0572,201.193,-1509.24,198.453,-1506.55,0,198.453,-1506.55,-23.0612,-39.3358,-1370.494,-53.0988,-53.0988
26,4,-8.241787,0,-40.6134,8.75894,-8.00617,201.193,-1509.24,198.636,-1506.45,0,198.636,-1506.45,-21.0182,-40.6134,-1369.4456,-51.9471,-51.9471
26,5,-7.805933,0,-35.2439,8.83341,-7.82629,201.193,-1509.24,198.537,-1507.18,0,198.537,-1507.18,-23.9706,-35.2439,-1367.8575,-50.7494,-50.7494
26,6,-7.8099213,0,-35.4072,8.8325,-7.83967,201.193,-1509.24,198.558,-1507.04,0,198.558,-1507.04,-23.9519,-35.4072,-1367.8412,-50.8025,-50.8025
26,7,-7.8058352,0,-35.059,8.83667,-7.83585,201.193,-1509.24,198.499,-1507.41,0,198.499,-1507.41,-23.8003,-35.059,-1367.7703,-50.6528,-50.6528
27,0,-7.7080936,0,-35.9658,8.40156,-7.1735,201.193,-1509.24,198.718,-1504.76,0,198.718,-1504.76,-30.8884,-35.9658,-1372.8962,-56.2555,-56.2555
27,1,-7.7080936,0,-35.9658,8.40156,-7.1735,201.193,-1509.24,198.718,-1504.76,0,198.718,-1504.76,-30.8884,-35.9658,-1372.8962,-56.2555,-56.2555
27,2,-7.7080936,0,-35.9658,8.40156,-7.1735,201.193,-1509.24,198.718,-1504.76,0,198.718,-1504.76,-30.8884,-35.9658,-1372.8962,-56.2555,-56.2555
27,3,-7.7080936,0,-35.9658,8.40156,-7.1735,201.193,-1509.24,198.718,-1504.76,0,198.718,-1504.76,-30.8884,-35.9658,-1372.8962,-56.2555,-56.2555
27,4,-7.7151637,0,-36.0507,8.40737,-7.17347,201.193,-1509.24,198.734,-1504.76,0,198.734,-1504.76,-30.7754,-36.0507,-1372.852,-56.2045,-56.2045
27,5,-7.7151637,0,-36.0507,8.40737,-7.17347,201.193,-1509.24,198.734,-1504.76,0,198.734,-1504.76,-30.7754,-36.0507,-1372.852,-56.2045,-56.2045
27,6,-7.723852,0,-36.2014,8.41526,-7.16436,201.193,-1509.24,198.729,-1504.64,0,198.729,-1504.64,-30.6852,-36.2014,-1372.7976,-56.1661,-56.1661
27,7,-7.723852,0,-36.2014,8.41526,-7.16436,201.193,-1509.24,198.729,-1504.64,0,198.729,-1504.64,-30.6852,-36.2014,-1372.7976,-56.1661,-56.1661
28,0,-7.630965,0,-34.1824,8.67202,-7.00002,201.193,-1509.24,201.102,-1509.35,0,201.102,-1509.35,-30.3739,-34.1824,-1372.8042,-53.3208,-53.3208
28,1,-7.630965,0,-34.1824,8.67202,-7.00002,201.193,-1509.24,201.102,-1509.35,0,201.102,-1509.35,-30.3739,-34.1824,-1372.8042,-53.3208,-53.3208
28,2,-7.630965,0,-34.1824,8.67202,-7.00002,201.193,-1509.24,201.102,-1509.35,0,201.102,-1509.35,-30.3739,-34.1824,-1372.8042,-53.3208,-53.3208
28,3,-7.624714,0,-34.1138,8.66729,-7.00348,201.193,-1509.24,201.099,-1509.36,0,201.099,-1509.36,-30.4281,-34.1138,-1372.8029,-53.3176,-53.3176
28,4,-7.624714,0,-34.1138,8.66729,-7.00348,201.193,-1509.24,201.099,-1509.36,0,201.099,-1509.36,-30.4281,-34.1138,-1372.8029,-53.3176,-53.3176
28,5,-7.624714,0,-34.1138,8.66729,-7.00348,201.193,-1509.24,201.099,-1509.36,0,201.099,-1509.36,-30.4281,-34.1138,-1372.8029,-53.3176,-53.3176
28,6,-7.604271,0,-33.8765,8.67107,-6.98663,201.193,-1509.24,201.086,-1509.35,0,201.086,-1509.35,-30.5929,-33.8765,-1372.7334,-53.2935,-53.2935
28,7,-7.604271,0,-33.8765,8.67107,-6.98663,201.193,-1509.24,201.086,-1509.35,0,201.086,-1509.35,-30.5929,-33.8765,-1372.7334,-53.2935,-53.2935
29,0,-8.061158,0,-43.4886,8.89086,-7.93908,201.193,-1509.24,199.145,-1499.57,0,199.145,-1499.57,-28.8241,-43.4886,-1372.7377,-60.2964,-60.2964
29,1,-8.041322,0,-42.9757,8.88619,-7.87786,201.193,-1509.24,199.142,-1499.98,0,199.142,-1499.98,-28.7881,-42.9757,-1372.6018,-60.3307,-60.3307
29,2,-8.007846,0,-42.6447,8.84993,-7.88143,201.193,-1509.24,199.094,-1499.93,0,199.094,-1499.93,-28.3784,-42.6447,-1371.8591,-59.6525,-59.6525
29,3,-7.7046742,0,-37.3538,9.12638,-7.48906,201.193,-1509.24,198.929,-1502.08,0,198.929,-1502.08,-15.5281,-37.3538,-1356.033,-44.0894,-44.0894
29,4,-7.7062006,0,-37.3353,9.14882,-7.521,201.193,-1509.24,198.935,-1502.14,0,198.935,-1502.14,-15.4051,-37.3353,-1355.9453,-44.0578,-44.0578
29,5,-7.634168,0,-36.7468,8.99716,-7.39746,201.193,-1509.24,198.978,-1502.05,0,198.978,-1502.05,-15.7956,-36.7468,-1355.6144,-43.5411,-43.5411
29,6,-7.8503785,0,-41.7375,8.8229,-6.99957,201.193,-1509.24,198.978,-1497.74,0,198.978,-1497.74,-8.63251,-41.7375,-1349.132,-38.1744,-38.1744
29,7,-7.4970202,0,-38.2939,8.90038,-7.25374,201.193,-1509.24,198.911,-1497.32,0,198.911,-1497.32,-6.70469,-38.2939,-1343.4075,-32.6416,-32.6416
30,0,-8.111278,0,-39.5498,8.97375,-8.32024,201.193,-1509.24,198.569,-1505.84,0,198.569,-1505.84,-25.6373,-39.5498,-1372.4581,-56.1655,-56.1655
30,1,-8.080384,0,-39.4379,8.94277,-8.32222,201.193,-1509.24,198.525,-1505.49,0,198.525,-1505.49,-26.0465,-39.4379,-1372.4493,-56.2686,-56.2686
30,2,-8.080384,0,-39.4379,8.94277,-8.32222,201.193,-1509.24,198.525,-1505.49,0,198.525,-1505.49,-26.0465,-39.4379,-1372.4493,-56.2686,-56.2686
30,3,-8.062395,0,-39.3047,8.9225,-8.29691,201.193,-1509.24,198.481,-1505.34,0,198.481,-1505.34,-26.2398,-39.3047,-1372.4036,-56.2734,-56.2734
30,4,-8.232428,0,-43.8395,9.42869,-7.57006,201.193,-1509.24,198.462,-1499.57,0,198.462,-1499.57,-20.8012,-43.8395,-1365.7487,-52.0121,-52.0121
30,5,-8.2518635,0,-46.1407,9.38824,-8.96576,201.193,-1509.24,198.437,-1497.75,0,198.437,-1497.75,-18.5518,-46.1407,-1364.0055,-52.0891,-52.0891
30,6,-8.2518635,0,-46.1407,9.38824,-8.96576,201.193,-1509.24,198.437,-1497.75,0,198.437,-1497.75,-18.5518,-46.1407,-1364.0055,-52.0891,-52.0891
30,7,-8.251399,0,-46.0976,9.38554,-8.95239,201.193,-1509.24,198.45,-1497.82,0,198.45,-1497.82,-18.5228,-46.0976,-1363.9904,-52.0327,-52.0327
31,0,-7.276969,0,-31.5056,8.33688,-7.94509,201.193,-1509.24,200.218,-1507.8,0,200.218,-1507.8,-33.0801,-31.5056,-1372.1677,-54.9775,-54.9775
31,1,-7.276969,0,-31.5056,8.33688,-7.94509,201.193,-1509.24,200.218,-1507.8,0,200.218,-1507.8,-33.0801,-31.5056,-1372.1677,-54.9775,-54.9775
31,2,-7.276969,0,-31.5056,8.33688,-7.94509,201.193,-1509.24,200.218,-1507.8,0,200.218,-1507.8,-33.0801,-31.5056,-1372.1677,-54.9775,-54.9775
31,3,-7.2975006,0,-31.6481,8.34053,-7.94022,201.193,-1509.24,200.202,-1507.88,0,200.202,-1507.88,-32.7905,-31.6481,-1372.1166,-54.9548,-54.9548
31,4,-7.2975006,0,-31.6481,8.34053,-7.94022,201.193,-1509.24,200.202,-1507.88,0,200.202,-1507.88,-32.7905,-31.6481,-1372.1166,-54.9548,-54.9548
31,5,-7.2975006,0,-31.6481,8.34053,-7.94022,201.193,-1509.24,200.202,-1507.88,0,200.202,-1507.88,-32.7905,-31.6481,-1372.1166,-54.9548,-54.9548
31,6,-7.2975006,0,-31.6481,8.34053,-7.94022,201.193,-1509.24,200.202,-1507.88,0,200.202,-1507.88,-32.7905,-31.6481,-1372.1166,-54.9548,-54.9548
31,7,-7.210555,0,-31.5543,8.30897,-8.05679,201.193,-1509.24,200.351,-1507,0,200.351,-1507,-33.7893,-31.5543,-1371.9927,-54.8765,-54.8765
32,0,-8.807812,0,-58.7135,9.04396,-9.0041,201.193,-1509.24,198.618,-1488.25,0,198.618,-1488.25,-21.4985,-58.7135,-1369.844,-63.5395,-63.5395
32,1,-8.690268,0,-56.7061,9.12743,-8.39985,201.193,-1509.24,198.444,-1488.43,0,198.444,-1488.43,-18.0605,-56.7061,-1364.7527,-56.2357,-56.2357
33,0,-8.499301,0,-48.1463,8.74823,-9.47721,201.193,-1509.24,198.881,-1500.88,0,198.881,-1500.88,-19.3275,-48.1463,-1369.4728,-56.5006,-56.5006
33,1,-8.496075,0,-48.0958,8.74263,-9.48552,201.193,-1509.24,198.886,-1500.93,0,198.886,-1500.93,-19.3326,-48.0958,-1369.4724,-56.5115,-56.5115
33,2,-7.464809,0,-34.7195,8.47444,-8.21665,201.193,-1509.24,198.374,-1503.11,0,198.374,-1503.11,-29.237,-34.7195,-1368.6925,-57.9292,-57.9292
34,0,-8.860477,0,-54.31,9.35099,-9.17534,201.193,-1509.24,198.719,-1495.77,0,198.719,-1495.77,-16.2217,-54.31,-1367.5828,-52.2767,-52.2767
35,0,-8.586546,0,-57.3651,8.91016,-7.97881,201.193,-1509.24,198.469,-1485.67,0,198.469,-1485.67,-21.3609,-57.3651,-1365.927,-58.6263,-58.6263
36,0,-8.098387,0,-44.1014,8.90412,-9.43764,201.193,-1509.24,199.055,-1500.57,0,199.055,-1500.57,-18.2529,-44.1014,-1363.8691,-51.9634,-51.9634
36,1,-8.074285,0,-43.9871,8.87296,-9.41864,201.193,-1509.24,199.002,-1500.3,0,199.002,-1500.3,-17.9482,-43.9871,-1363.2334,-51.4117,-51.4117
36,2,-7.978301,0,-42.5838,8.88717,-9.49559,201.193,-1509.24,199.05,-1501.03,0,199.05,-1501.03,-18.5797,-42.5838,-1363.1434,-51.5388,-51.5388
37,0,-8.106641,0,-43.576,9.14947,-10.65,201.193,-1509.24,198.518,-1501.52,0,198.518,-1501.52,-15.8546,-43.576,-1362.4326,-55.6641,-55.6641
38,0,-7.9873996,0,-41.7899,9.03297,-7.1349,201.193,-1509.24,198.759,-1499.37,0,198.759,-1499.37,-19.1053,-41.7899,-1361.5061,-53.8688,-53.8688
39,0,-8.573425,0,-48.4333,9.57356,-10.305,201.193,-1509.24,198.629,-1500.81,0,198.629,-1500.81,-10.2135,-48.4333,-1360.8279,-52.3505,-52.3505
40,0,-7.161743,0,-32.0366,8.97878,-8.57951,201.193,-1509.24,198.401,-1501.93,0,198.401,-1501.93,-25.0594,-32.0366,-1360.625,-48.0061,-48.0061
41,0,-8.153538,0,-43.7359,9.10173,-7.82888,201.193,-1509.24,198.795,-1499.72,0,198.795,-1499.72,-14.0776,-43.7359,-1358.7384,-52.7312,-52.7312
41,1,-7.845865,0,-41.9619,9.34709,-8.58412,201.193,-1509.24,199.008,-1498.14,0,199.008,-1498.14,-16.9709,-41.9619,-1358.0647,-47.5446,-47.5446
41,2,-7.693849,0,-40.0759,9.16324,-6.61515,201.193,-1509.24,198.842,-1496.63,0,198.842,-1496.63,-15.7952,-40.0759,-1353.659,-47.2757,-47.2757
41,3,-7.9711185,0,-45.3581,9.25135,-8.12186,201.193,-1509.24,198.961,-1494.55,0,198.961,-1494.55,-3.46845,-45.3581,-1344.4155,-33.8261,-33.8261
41,4,-6.351768,0,-26.5495,9.42141,-8.01809,201.193,-1509.24,198.756,-1496.48,0,198.756,-1496.48,-9.72711,-26.5495,-1334.0006,-28.8822,-28.8822
42,0,-8.530015,0,-52.7991,9.05543,-9.62161,201.193,-1509.24,198.545,-1493.34,0,198.545,-1493.34,-7.45169,-52.7991,-1355.0457,-42.0917,-42.0917
43,0,-8.054471,0,-45.683,9.17026,-7.63275,201.193,-1509.24,198.653,-1494.57,0,198.653,-1494.57,-12.8452,-45.683,-1354.4452,-42.6207,-42.6207
44,0,-7.896448,0,-39.235,9.41772,-7.01107,201.193,-1509.24,198.659,-1500.96,0,198.659,-1500.96,-12.4669,-39.235,-1354.0029,-42.4553,-42.4553
44,1,-7.7743754,0,-37.9943,9.41828,-7.01743,201.193,-1509.24,198.634,-1500.85,0,198.634,-1500.85,-12.1569,-37.9943,-1352.3672,-41.1282,-41.1282
45,0,-7.006784,0,-30.0213,8.79091,-6.84879,201.193,-1509.24,198.315,-1500.94,0,198.315,-1500.94,-21.0861,-30.0213,-1353.7324,-49.6081,-49.6081
46,0,-7.433906,0,-31.2902,9.19617,-9.08551,201.193,-1509.24,198.284,-1507.52,0,198.284,-1507.52,-12.243,-31.2902,-1352.7693,-40.5271,-40.5271
47,0,-6.911736,0,-30.9084,9.08655,-5.29121,201.193,-1509.24,198.489,-1496.27,0,198.489,-1496.27,-19.0209,-30.9084,-1347.7103,-41.1194,-41.1194
